Channel_ID,Video_Category_Name,score_pct
UC--bUZc5c9WseZNqGR6KLxA,Autos & Vehicles,0.21370169820926535
UC--bUZc5c9WseZNqGR6KLxA,Entertainment,0.7862983017907347
UC-B1L3oT81XgeeGh6S12qgQ,People & Blogs,1.0
UC-N_7HFKrSsYxCSA_kfdRSA,People & Blogs,0.13726062135831185
UC-N_7HFKrSsYxCSA_kfdRSA,Pets & Animals,0.8627393786416881
UC-T4JheeuNl2DVg-B-v7McA,Howto & Style,1.0
UC-WG1VP4am6NaUtANEJxRQw,People & Blogs,1.0
UC-bSQgmOmTd3WAjE4lnJTxg,People & Blogs,1.0
UC-hinPwbKRTwwBLn_otWFSw,Entertainment,1.0
UC-nXtvzNzM1u8Z1GEhMybhw,People & Blogs,1.0
UC-upbfbj9RXHsjz4rTUTcSg,Education,0.002098427522850607
UC-upbfbj9RXHsjz4rTUTcSg,Entertainment,0.6105273595850429
UC-upbfbj9RXHsjz4rTUTcSg,Gaming,0.00857605907574687
UC-upbfbj9RXHsjz4rTUTcSg,Howto & Style,0.007883598790307486
UC-upbfbj9RXHsjz4rTUTcSg,Music,0.3183828240566892
UC-upbfbj9RXHsjz4rTUTcSg,People & Blogs,0.05253173096936287
UC03LQ-S4ipZ8iQWrJBcxTPA,Entertainment,1.0
UC04yHTqCqVNfFDe6yKkxisw,Comedy,0.019531650505001052
UC04yHTqCqVNfFDe6yKkxisw,Entertainment,0.44626951293625056
UC04yHTqCqVNfFDe6yKkxisw,People & Blogs,0.5341988365587483
UC0BSJnx8FbmeXAx2dtGjLjg,People & Blogs,1.0
UC0BiUAPPztuWYGtK9treJQg,Entertainment,1.0
UC0VN6My1ueOFXDTgzMZSSNQ,People & Blogs,1.0
UC0lC6P6i8CFhNgQ5Pm4Tdhw,Entertainment,1.0
UC0rpxsHBn1j3kBTtKJ_wQjQ,Education,0.8995088563503354
UC0rpxsHBn1j3kBTtKJ_wQjQ,Entertainment,0.058948811208409814
UC0rpxsHBn1j3kBTtKJ_wQjQ,People & Blogs,0.04154233244125482
UC1570__WrIXeSneHmeUQa9A,Entertainment,0.998977055187305
UC1570__WrIXeSneHmeUQa9A,People & Blogs,0.0010229448126950187
UC15EM1xKwmLdwr8L04s17vw,Entertainment,1.0
UC15H5TZFrabXO3mfBTm0e-Q,People & Blogs,1.0
UC1ABxMagsWoPYtlRZtsOERg,Entertainment,0.9769806748425005
UC1ABxMagsWoPYtlRZtsOERg,People & Blogs,0.023019325157499534
UC1Dx-p0vsOZB-0RVLqnaxzA,People & Blogs,1.0
UC1EgiFrHCSCPT2-zHvRvF2A,Entertainment,0.9466183685775399
UC1EgiFrHCSCPT2-zHvRvF2A,Music,0.05338163142246006
UC1IsbynooVrIXomgvCn05Bg,People & Blogs,1.0
UC1LP0STnqvQ4BMsKm4OE6eA,People & Blogs,1.0
UC1OqFNGQe7k6iJuBuPGUyhg,Howto & Style,1.0
UC1PUgtTTLzDTiMCGqp4kNrQ,Entertainment,0.003814772157541558
UC1PUgtTTLzDTiMCGqp4kNrQ,Music,0.0007896817036979819
UC1PUgtTTLzDTiMCGqp4kNrQ,People & Blogs,0.9523645606110855
UC1PUgtTTLzDTiMCGqp4kNrQ,Travel & Events,0.04303098552767491
UC1R5O53t95Ij0Y-dO21a0Kg,Travel & Events,1.0
UC1Tei-NdUsebqWN-eYW6QBw,People & Blogs,1.0
UC1WJljf14RfZdMxSSbeyMzQ,People & Blogs,1.0
UC1_3-ey7ayD_olcf1H5Lv6w,Entertainment,0.4332370304361375
UC1_3-ey7ayD_olcf1H5Lv6w,Gaming,0.0017666831279165302
UC1_3-ey7ayD_olcf1H5Lv6w,Howto & Style,0.0003013919920869817
UC1_3-ey7ayD_olcf1H5Lv6w,Music,0.0016598707095724396
UC1_3-ey7ayD_olcf1H5Lv6w,People & Blogs,0.562120645370822
UC1_3-ey7ayD_olcf1H5Lv6w,Science & Technology,0.000914378363464639
UC1zevPL-TCkKn9KAhp4uuBQ,Comedy,0.02440822200967889
UC1zevPL-TCkKn9KAhp4uuBQ,Education,0.009448420912091698
UC1zevPL-TCkKn9KAhp4uuBQ,Entertainment,0.2483558245592982
UC1zevPL-TCkKn9KAhp4uuBQ,People & Blogs,0.7177875325189312
UC2-793VaYQWuurlHj2rnvRA,Entertainment,0.001783192188758488
UC2-793VaYQWuurlHj2rnvRA,Howto & Style,0.9982168078112416
UC208W3XdnCTUD0k8y_M-mew,Howto & Style,1.0
UC28wTmsp8t2DC0oHWJkOBqg,People & Blogs,1.0
UC2MRRqb_L2E53UmTaywdhkA,Entertainment,0.23203043698242495
UC2MRRqb_L2E53UmTaywdhkA,People & Blogs,0.767969563017575
UC2RD8S7cc0US-2W7FOnyz5w,People & Blogs,1.0
UC2R__Ejz_VQHrU6cobR8RXg,Travel & Events,1.0
UC2StbSSgti558obfJlVUnNw,Entertainment,0.44645068209269057
UC2StbSSgti558obfJlVUnNw,Music,0.5535493179073094
UC2Sv_zkN8jll4jwgMQ5mykA,People & Blogs,1.0
UC2aSpHZmYiHlR1fpvxYi05Q,People & Blogs,1.0
UC2bvTRuAFaNjJsRNKcLf5GQ,People & Blogs,1.0
UC2g2yAbBKyuaP6eLoeopb4g,People & Blogs,1.0
UC2gZh8iGgLI7xLkxaoMkKSg,People & Blogs,1.0
UC2hRc0Odw5no2SCY9qB7K7A,Entertainment,1.0
UC2kBDwkqiy7zgH1-M4UtUXQ,People & Blogs,1.0
UC2txjRLvlsKzDdt-hn3_Gjg,Education,0.9790826754919164
UC2txjRLvlsKzDdt-hn3_Gjg,Entertainment,0.01893796880323176
UC2txjRLvlsKzDdt-hn3_Gjg,People & Blogs,0.0019793557048518105
UC2u_7Uohb2C5TGFtIlY8cjA,Entertainment,0.17365965132982475
UC2u_7Uohb2C5TGFtIlY8cjA,Gaming,0.00629606213061401
UC2u_7Uohb2C5TGFtIlY8cjA,Howto & Style,0.4219355298218656
UC2u_7Uohb2C5TGFtIlY8cjA,People & Blogs,0.3981087567176957
UC2zTRxJjjNYZpdXHk_blEHg,Howto & Style,1.0
UC3-rfIKI8ICrGu-dAPaOwdg,Entertainment,0.2615074745233962
UC3-rfIKI8ICrGu-dAPaOwdg,Howto & Style,0.7384925254766038
UC34Zrm1B7TzWHpuZScBCaVg,People & Blogs,1.0
UC35S-hspH4Nc1YkKaMkGf_g,People & Blogs,1.0
UC365X-mldX-QPsxmIwyq2_Q,Education,0.13690893729346984
UC365X-mldX-QPsxmIwyq2_Q,Entertainment,0.021725095300986697
UC365X-mldX-QPsxmIwyq2_Q,Howto & Style,0.5094344849278787
UC365X-mldX-QPsxmIwyq2_Q,People & Blogs,0.32709751529373077
UC365X-mldX-QPsxmIwyq2_Q,Travel & Events,0.004833967183934032
UC37vNZg-2CZ4YP9vIl55oag,Travel & Events,1.0
UC3ASl1pObIH3A-qT6iITe1g,Comedy,0.015570662664766345
UC3ASl1pObIH3A-qT6iITe1g,Entertainment,0.3172984270093439
UC3ASl1pObIH3A-qT6iITe1g,Music,0.1347426292369007
UC3ASl1pObIH3A-qT6iITe1g,People & Blogs,0.5323882810889891
UC3E1iQqoqXBeDm3LdJ3iOaQ,People & Blogs,1.0
UC3Iv4GilW4oPl_E1DPMMWnw,People & Blogs,1.0
UC3KX8zbDMxlKj2KMppU0fJw,Entertainment,0.7511136277967971
UC3KX8zbDMxlKj2KMppU0fJw,Music,0.24888637220320284
UC3Kb7E4YLtpi-xfAO1GOD3A,Entertainment,1.0
UC3e3MWDBEP2jxXO0BRAC6FA,People & Blogs,1.0
UC3t8NHsv6GELrIwOaINqW8Q,Entertainment,1.0
UC4B9WdU2U6E6GQoDBKcVeSQ,Howto & Style,1.0
UC4BFta04-H7yVIa3045chXA,People & Blogs,1.0
UC4ij0nxIZZ9IIhn52BlE4Vw,Entertainment,1.0
UC4oxmVhnA9T4_fndEgbwf5Q,Comedy,0.04019278278456228
UC4oxmVhnA9T4_fndEgbwf5Q,Entertainment,0.929378832238679
UC4oxmVhnA9T4_fndEgbwf5Q,People & Blogs,0.030428384976758666
UC4qXyMvDs6OnNEnjQtinZJA,People & Blogs,1.0
UC50xJyLnTsfdsONU4W8sQEA,People & Blogs,1.0
UC547TD5glwwrwwBq65oSQ_w,Entertainment,1.0
UC55y8UaV5E_jClKC5i2Fq4A,People & Blogs,1.0
UC5FzKN5Jk9-Pr-JgxMwJ1Lw,Howto & Style,1.0
UC5LgUxQEIwdWZGRGaWxAGvg,Entertainment,1.0
UC5Tshe16chO2lWqhXXCVG7Q,Comedy,0.10180641975835343
UC5Tshe16chO2lWqhXXCVG7Q,Entertainment,0.10625525606368144
UC5Tshe16chO2lWqhXXCVG7Q,Howto & Style,0.0015785537546064723
UC5Tshe16chO2lWqhXXCVG7Q,Nonprofits & Activism,0.022635041300584278
UC5Tshe16chO2lWqhXXCVG7Q,People & Blogs,0.7677247291227743
UC5cZKUTw4N9AhGEax-8MS4g,Entertainment,1.0
UC5kIvEWLPpW7LJS5zKxCZSg,People & Blogs,1.0
UC5qkJxnFkk9wQNT0CF8gFnA,People & Blogs,1.0
UC5qlD3EwEF8lOBcxyfE79HQ,People & Blogs,1.0
UC5tXh8FbfMa6aEMbTLNMSaQ,Howto & Style,1.0
UC5x741O_kvdCo7TQqe5Wswg,Autos & Vehicles,0.004158614624917248
UC5x741O_kvdCo7TQqe5Wswg,Entertainment,0.18985720258620262
UC5x741O_kvdCo7TQqe5Wswg,People & Blogs,0.8059841827888802
UC6CsuOM1Fq8-_U4duDcxQCw,People & Blogs,1.0
UC6UE76f_5vLKWAzM3M8DyKQ,People & Blogs,1.0
UC6kQSJ-9-XyJtYylJGMX3lw,Entertainment,1.0
UC6v9KHcIMdPyWlzpf3U5qaA,Entertainment,0.08225805151181367
UC6v9KHcIMdPyWlzpf3U5qaA,Howto & Style,0.009092527264247368
UC6v9KHcIMdPyWlzpf3U5qaA,People & Blogs,0.908649421223939
UC6vHUVCAJkZkR7PO-wVivGQ,Howto & Style,1.0
UC6xNCDbEXyEdgDxW2RTFLDg,People & Blogs,1.0
UC76CNzctOjXo41ibz-OHOMA,Entertainment,1.0
UC7NngaoI5wL9U0l86UGu0hw,Howto & Style,1.0
UC7P9XstKaBHGAPzLDIhewQw,Entertainment,1.0
UC7Q7pl0z0MrdayvmAnchlJQ,Comedy,0.0231180371467457
UC7Q7pl0z0MrdayvmAnchlJQ,Entertainment,0.010756280833094012
UC7Q7pl0z0MrdayvmAnchlJQ,Gaming,0.88391194315187
UC7Q7pl0z0MrdayvmAnchlJQ,People & Blogs,0.0808888623819588
UC7Q7pl0z0MrdayvmAnchlJQ,Science & Technology,0.0013248764863314267
UC7SDODnNGaMjzKmdmmiQbwQ,People & Blogs,1.0
UC7SQuwlq00AgBVezoOOKGEg,Entertainment,1.0
UC7bqqJYwwQgfqQtJy-Y38og,People & Blogs,1.0
UC7yjVg3qN68nNOvYVpZ5gsA,People & Blogs,0.39559439641065136
UC7yjVg3qN68nNOvYVpZ5gsA,Travel & Events,0.6044056035893486
UC84LRqpMWzqkCM3GTkFwwuQ,People & Blogs,1.0
UC87crFdFZH5O3MQAXBB9qQA,People & Blogs,1.0
UC89rPuzRVHTnMHbZrCRYMng,People & Blogs,1.0
UC8Aiy6ejyRR2bGSbapl5OhQ,People & Blogs,1.0
UC8ZRiu_mBJwuMHcdIpKjTfA,People & Blogs,1.0
UC8cO1I1aaQ9oZIJJyDBFuKQ,People & Blogs,1.0
UC8ddOolCG98C3D-CpiNOLKg,People & Blogs,1.0
UC8f-BbdxSjx7L1yvG7IKZeQ,Entertainment,1.0
UC96pqPDlAic2Lc97wfONHCw,Entertainment,1.0
UC9HxaAvyejN2mCZ24qhT8AQ,People & Blogs,1.0
UC9S4dwNL3ZCdtSXjiBQT58Q,Travel & Events,1.0
UC9XHcmMNQK6gj3DwvQdfbXw,People & Blogs,1.0
UC9yuIuCyyCnp91NjBwBEuDQ,Howto & Style,0.2168984108866994
UC9yuIuCyyCnp91NjBwBEuDQ,People & Blogs,0.7831015891133006
UCAAZehg3MDfoAUE7aCGJsAw,Entertainment,0.42158222503022064
UCAAZehg3MDfoAUE7aCGJsAw,People & Blogs,0.5784177749697793
UCAVKwElJJNvs-_cT4d3YSGw,Entertainment,1.0
UCAY7J49VQ8LQ3ACyfdIuB6w,Entertainment,0.3184378230430973
UCAY7J49VQ8LQ3ACyfdIuB6w,People & Blogs,0.6815621769569027
UCAZJmU5VvE3FyFmC9EWWvVA,Entertainment,0.027298624987475394
UCAZJmU5VvE3FyFmC9EWWvVA,Gaming,0.9702253773536864
UCAZJmU5VvE3FyFmC9EWWvVA,People & Blogs,0.0013534333726622964
UCAZJmU5VvE3FyFmC9EWWvVA,Travel & Events,0.001122564286175869
UCAZO8rF1rWlqmil6cr7vORw,Entertainment,1.0
UCAov2BBv1ZJav0c_yHEciAw,Comedy,0.004747313658930379
UCAov2BBv1ZJav0c_yHEciAw,Entertainment,0.020099168844716964
UCAov2BBv1ZJav0c_yHEciAw,Gaming,0.7682848678229833
UCAov2BBv1ZJav0c_yHEciAw,Music,0.003906553278484081
UCAov2BBv1ZJav0c_yHEciAw,People & Blogs,0.20296209639488524
UCBC4ZzCCUCAr1wOcHJ70JOg,Autos & Vehicles,0.40694160550899877
UCBC4ZzCCUCAr1wOcHJ70JOg,People & Blogs,0.5930583944910012
UCBCBAP1gIk2ZSxxkM0SzxNA,Music,0.0035034544446617237
UCBCBAP1gIk2ZSxxkM0SzxNA,People & Blogs,0.9755482634200245
UCBCBAP1gIk2ZSxxkM0SzxNA,Travel & Events,0.020948282135313707
UCBUznc06aXW8phsL68FnGqA,People & Blogs,1.0
UCBZsm5mHfRi7HrKUDOIGRKQ,Entertainment,0.8902757719822602
UCBZsm5mHfRi7HrKUDOIGRKQ,People & Blogs,0.10972422801773989
UCBeOoFq84k9d5xRRjOpQ6xQ,People & Blogs,1.0
UCBrL3-MSErl_XoW_iqLoQOQ,People & Blogs,1.0
UCBu8GHpHy9vX8ixdTb38kIQ,Entertainment,1.0
UCCAlmXL95GaAcI_VtOg8KBw,Entertainment,1.0
UCCLzJP8T09kuoy3OGPHNs5g,Autos & Vehicles,0.0007981465226752214
UCCLzJP8T09kuoy3OGPHNs5g,Entertainment,0.9942283893082721
UCCLzJP8T09kuoy3OGPHNs5g,Howto & Style,0.0034219419189649024
UCCLzJP8T09kuoy3OGPHNs5g,People & Blogs,0.0015515222500877724
UCCZKS_WY6ZrGSxvwsKbhIYw,Howto & Style,0.4295499439273324
UCCZKS_WY6ZrGSxvwsKbhIYw,People & Blogs,0.5704500560726675
UCCbmj-8LAhSE3DhC1gatLyg,People & Blogs,1.0
UCCcKNYWJGJ42OSXOR4cHyxg,Entertainment,1.0
UCCifgw5heieu3rESMxs_oRQ,People & Blogs,1.0
UCCnfs4g-hgr6ouA2UtA3oRA,Howto & Style,1.0
UCCowzpLYUF9jiAiRvjVZUWg,People & Blogs,1.0
UCD37981S1CK7JQhrvaYsG4Q,People & Blogs,1.0
UCDBw9CkXARRKNL8TBLgqtng,Comedy,0.06893508730305187
UCDBw9CkXARRKNL8TBLgqtng,Entertainment,0.9270528563519891
UCDBw9CkXARRKNL8TBLgqtng,Travel & Events,0.004012056344959094
UCDIuIf4lKDneweAYP1ZhDiQ,People & Blogs,1.0
UCDK1UE2GdiGj0TrTY53Y_JQ,Music,0.002951911098766219
UCDK1UE2GdiGj0TrTY53Y_JQ,People & Blogs,0.9970480889012338
UCDNSHF22eETwx4JwTzxXM1A,Entertainment,1.0
UCDSuJxdCnHYGmn6S8-IvejQ,Howto & Style,1.0
UCDWVNwQce16D16tPc5NBYlQ,People & Blogs,1.0
UCDdgk6Pb1MO51kokam8n9DQ,Entertainment,0.969193047760152
UCDdgk6Pb1MO51kokam8n9DQ,People & Blogs,0.030806952239848
UCDeHpESiU1tbLBqGVkkWAgA,People & Blogs,1.0
UCDhxetGKJhBjKJY7RfiNZHA,Howto & Style,0.9983757297834056
UCDhxetGKJhBjKJY7RfiNZHA,People & Blogs,0.0016242702165943474
UCE50XT-18J7XloAjTSeXqsA,Comedy,0.17316782997616054
UCE50XT-18J7XloAjTSeXqsA,People & Blogs,0.8268321700238395
UCE9yHZh7s9GkN9uxdFPLsQQ,Entertainment,1.0
UCEEzwrDdpMjHqBiyx2u5Ecg,Entertainment,0.9539620351462029
UCEEzwrDdpMjHqBiyx2u5Ecg,Travel & Events,0.04603796485379711
UCEefxzb0Q0N8Gge8MdUgDwA,Entertainment,0.09309478935860879
UCEefxzb0Q0N8Gge8MdUgDwA,People & Blogs,0.9069052106413912
UCElOwjba1OcRDtHOEix1F1w,Howto & Style,0.9660184826080718
UCElOwjba1OcRDtHOEix1F1w,People & Blogs,0.03398151739192828
UCF0ysZtRah0Vo19sh-OLPCQ,Howto & Style,1.0
UCFUsdrPRWY7_7M3SBnoDHpA,Howto & Style,1.0
UCFblfgw66fDUtNhFzCtNhjg,Entertainment,1.0
UCFcBAGR0drI3F15EhMFjuTg,People & Blogs,1.0
UCFfkQtGJDhbknD2rltZUsoA,Entertainment,0.9979445630268171
UCFfkQtGJDhbknD2rltZUsoA,Pets & Animals,0.002055436973182878
UCFtRwgDqD7b6CBYTBXU_YYA,Howto & Style,1.0
UCG8kbqr_aiMJWbEZVcHzvIw,Music,0.011495007919659761
UCG8kbqr_aiMJWbEZVcHzvIw,People & Blogs,0.9885049920803403
UCGCojwD2aXRKB3z-QNeQAfQ,Travel & Events,1.0
UCGIEoB0XJNgUAdKJ--U4nkw,Entertainment,0.8511690872346521
UCGIEoB0XJNgUAdKJ--U4nkw,People & Blogs,0.1488309127653479
UCGLiE4bZSUnly-R-Ij1MiYQ,Entertainment,0.31908306156903843
UCGLiE4bZSUnly-R-Ij1MiYQ,People & Blogs,0.6809169384309616
UCGLpRi1oBdJsaFe1AHLoUuA,Entertainment,1.0
UCGXaE9EsaPbG8YkSm7lBFBA,Entertainment,0.5635483941758347
UCGXaE9EsaPbG8YkSm7lBFBA,Science & Technology,0.4364516058241653
UCGaDjgRl_bxBjVLBpO9tfYg,People & Blogs,1.0
UCGfm1t68P9t9M6JGnE2hlMg,People & Blogs,1.0
UCGiTQEPFMB1RVOwbziMhFgA,Entertainment,0.00529524929798026
UCGiTQEPFMB1RVOwbziMhFgA,Howto & Style,0.9662233651500024
UCGiTQEPFMB1RVOwbziMhFgA,Travel & Events,0.028481385552017322
UCGjUzdrr295y4knSxfHuB4g,Entertainment,0.6754410180696017
UCGjUzdrr295y4knSxfHuB4g,Howto & Style,0.009186387287440012
UCGjUzdrr295y4knSxfHuB4g,People & Blogs,0.22586139326463056
UCGjUzdrr295y4knSxfHuB4g,Pets & Animals,0.06949439130016835
UCGjUzdrr295y4knSxfHuB4g,Travel & Events,0.020016810078159468
UCGtu9J8Hp5lOOdNR4_nZa2Q,Comedy,0.005853270272419401
UCGtu9J8Hp5lOOdNR4_nZa2Q,Entertainment,0.9941467297275806
UCGwlQJcNsISJtvvYKE6jlRA,Howto & Style,0.11798514687519007
UCGwlQJcNsISJtvvYKE6jlRA,People & Blogs,0.88201485312481
UCH4YXG1SMJQsbG8T8gK42Lg,Comedy,0.011874417327204984
UCH4YXG1SMJQsbG8T8gK42Lg,Education,0.022019560360760703
UCH4YXG1SMJQsbG8T8gK42Lg,Entertainment,0.005265790743703197
UCH4YXG1SMJQsbG8T8gK42Lg,Gaming,0.8447229076949305
UCH4YXG1SMJQsbG8T8gK42Lg,Nonprofits & Activism,0.0008354149430132387
UCH4YXG1SMJQsbG8T8gK42Lg,People & Blogs,0.09757067128629403
UCH4YXG1SMJQsbG8T8gK42Lg,Science & Technology,0.017711237644093332
UCH8MwA24ZoW179ISsBNjtxA,Entertainment,0.9815836333702804
UCH8MwA24ZoW179ISsBNjtxA,People & Blogs,0.01841636662971961
UCHDoXvZAer2BWKAcXFfAgaA,Entertainment,1.0
UCHa4YMC0Ps8Yc3bK79Ie2YQ,People & Blogs,1.0
UCHs-iltRBvA-eeRfhTkSD-w,Entertainment,0.12680684548496524
UCHs-iltRBvA-eeRfhTkSD-w,People & Blogs,0.8731931545150348
UCHvX39q1EeRibmIvh4cWMmQ,People & Blogs,1.0
UCHyIoHan9zOOr5ilJ1_nzpQ,People & Blogs,1.0
UCI77vs6tggtIHTsWdfbV9cA,People & Blogs,1.0
UCIJGFw-ROhSEIZjKSgiIhyQ,Autos & Vehicles,0.002488039071428381
UCIJGFw-ROhSEIZjKSgiIhyQ,Howto & Style,0.9712413261600849
UCIJGFw-ROhSEIZjKSgiIhyQ,Travel & Events,0.026270634768486734
UCIKDchmG42DLEvm--dRYEJw,Entertainment,1.0
UCIWHm3sTOREKnwCSoIkE8Uw,Comedy,0.002909482184204243
UCIWHm3sTOREKnwCSoIkE8Uw,Entertainment,0.9934449512552327
UCIWHm3sTOREKnwCSoIkE8Uw,People & Blogs,0.0036455665605630945
UCIYZsndkqCTs4VHfwzt7Ycg,Entertainment,1.0
UCIa3hrsI6Zz_qsVBp3neSiw,People & Blogs,1.0
UCIuYhhXA4wzNfl3wpmXUIBA,People & Blogs,1.0
UCJPJe1WSn5Mc6CR5J-Ku4Lg,People & Blogs,1.0
UCJWInAK0nFgi4TvgJNlreAQ,People & Blogs,1.0
UCJY06sdD6D0lTl_uo-vnpIw,People & Blogs,1.0
UCJer7lK0ILB_RrPzOeJ01fA,People & Blogs,1.0
UCKA9WDUyFYEykfY36CAEEwA,People & Blogs,1.0
UCKF0A9z1JwPgyMXE2cvjMRA,Howto & Style,1.0
UCKHgcjUnD4iptFN70XbuKfA,People & Blogs,1.0
UCKJshBpn6fCOv4VEIcP8x7g,Autos & Vehicles,0.023617904212494246
UCKJshBpn6fCOv4VEIcP8x7g,Entertainment,0.28348976625847633
UCKJshBpn6fCOv4VEIcP8x7g,People & Blogs,0.6928923295290295
UCKVA08s0VWtfPogU65ciffQ,People & Blogs,1.0
UCKXZ9cnWTIvPTqnjgxbPJ2w,People & Blogs,1.0
UCKdz3I4iT5agA3oTKMM-h2A,Entertainment,0.9773694037656776
UCKdz3I4iT5agA3oTKMM-h2A,People & Blogs,0.022630596234322422
UCKjwiN9R-Vj2MDI0p8MC4mQ,Entertainment,1.0
UCKkASYweDWH_Nqo8rr0SIDA,Howto & Style,1.0
UCKq2F4LZ726kAlJG42Q01nQ,People & Blogs,1.0
UCL-LW86fWpQejgKbsoWrQqw,Howto & Style,1.0
UCL33csbVpHztEvQzSCeJ3bw,Howto & Style,0.8332564835658982
UCL33csbVpHztEvQzSCeJ3bw,People & Blogs,0.16674351643410182
UCLCKMDy2LIDv5A0g-7fIX-w,People & Blogs,1.0
UCLED8n7i3BW89MKvGR6g9EA,People & Blogs,1.0
UCLIbef4LhlZM7M78Q24QnXQ,People & Blogs,1.0
UCLffGnZmmdJ4Xs1XBXCv_GA,Entertainment,0.09111859305786366
UCLffGnZmmdJ4Xs1XBXCv_GA,Music,0.05003278172182814
UCLffGnZmmdJ4Xs1XBXCv_GA,People & Blogs,0.8588486252203082
UCLi1iV2wszbLNwLfaKjjgTg,Howto & Style,1.0
UCLvQhela2eNSCz3zPi2ySBQ,People & Blogs,1.0
UCLxMknPThebxDyFS690eyyg,Comedy,0.9996629147161252
UCLxMknPThebxDyFS690eyyg,People & Blogs,0.000337085283874763
UCM0VrraWOXd_WQUmbhTD8ZQ,People & Blogs,1.0
UCM27ExiKXGwpIOiRnsGYIQg,Howto & Style,0.8565149224723748
UCM27ExiKXGwpIOiRnsGYIQg,People & Blogs,0.14348507752762518
UCM3kpRA28vPNlvPYekCNhEw,People & Blogs,1.0
UCM8vM9PU-pStLR_wE5701CA,People & Blogs,1.0
UCMGd2CJgU3oNA1z0_Pb83eA,People & Blogs,1.0
UCMIhTWiF5na2xVdmKz9HKPA,People & Blogs,1.0
UCMXBchB1HQ_LaJqM2xgqT4g,People & Blogs,1.0
UCMd07ilsid_BHjBkOVXTN3g,People & Blogs,1.0
UCMq3lUzUQ-AJtVqeABvahGg,People & Blogs,1.0
UCMuu3NlEGTWRRM8o-AaEASg,Howto & Style,1.0
UCN5qBo0kXcPOlbLPcRylqdA,People & Blogs,1.0
UCN9nKeOHC_cH2w9svgVypyA,People & Blogs,1.0
UCNK8VvHwpyHeplhJ8373HpQ,People & Blogs,0.9884537149535249
UCNK8VvHwpyHeplhJ8373HpQ,Travel & Events,0.011546285046475112
UCNNshWaYgpDwLOZqIecQTKw,Entertainment,1.0
UCNSdjX4ry9fICqeObdZPAZQ,People & Blogs,1.0
UCNn6AaHharXIbkRleXGboiQ,Comedy,0.00209845959223198
UCNn6AaHharXIbkRleXGboiQ,Entertainment,0.0005103077452231525
UCNn6AaHharXIbkRleXGboiQ,People & Blogs,0.9973912326625448
UCNor9SVeIg8mjd1XAJX-1dg,Entertainment,0.0030003133442546145
UCNor9SVeIg8mjd1XAJX-1dg,Gaming,0.6641498803411593
UCNor9SVeIg8mjd1XAJX-1dg,People & Blogs,0.33284980631458605
UCNrlHfYLo7s2eoeKEJiJi3Q,Music,0.014054936490647865
UCNrlHfYLo7s2eoeKEJiJi3Q,People & Blogs,0.9859450635093522
UCNt9RWcWdawHQK4XeidefuQ,Autos & Vehicles,0.0016626382205323764
UCNt9RWcWdawHQK4XeidefuQ,Entertainment,0.15649428203552354
UCNt9RWcWdawHQK4XeidefuQ,Howto & Style,0.8418430797439441
UCNwlEBofDgF3qxUUbTJvalA,People & Blogs,1.0
UCNy9u_Sfb-i1WXR2glz-RJQ,Howto & Style,1.0
UCNzdeqQn0G79pToY1RZS1Cg,People & Blogs,1.0
UCO9ckSKZCUMyKPGxRFLHNGw,Entertainment,1.0
UCOLw-GeNkiFu7rKofm4q29A,People & Blogs,1.0
UCON7ruHzb7hwAk84LnOvKjA,People & Blogs,1.0
UCOXAXAJwiZ0sjP2XgcIWEHA,People & Blogs,1.0
UCOjgTuou4IgCyupXtFhB0eQ,Entertainment,0.22366326108533421
UCOjgTuou4IgCyupXtFhB0eQ,Gaming,0.6715887082757868
UCOjgTuou4IgCyupXtFhB0eQ,People & Blogs,0.10418544823704046
UCOjgTuou4IgCyupXtFhB0eQ,Sports,0.0005625824018386055
UCOpP3QXFCYEG4-CEeVYWmzw,People & Blogs,1.0
UCOrU-4WlqHEnzEQ-_p1Ye1A,Autos & Vehicles,0.99287267400328
UCOrU-4WlqHEnzEQ-_p1Ye1A,Travel & Events,0.007127325996719902
UCOttcP7KwTcs5rtn-nVrotA,Entertainment,0.9006619118024211
UCOttcP7KwTcs5rtn-nVrotA,Howto & Style,0.009921994369916603
UCOttcP7KwTcs5rtn-nVrotA,People & Blogs,0.08941609382766236
UCPCnPyTmtYkuEfYrfTTNymQ,People & Blogs,0.9985000702495984
UCPCnPyTmtYkuEfYrfTTNymQ,Travel & Events,0.00149992975040156
UCPVHUUnXNypcmxP6UQA_4Lg,People & Blogs,1.0
UCPXObRHdizi4c78jvhtAPpw,People & Blogs,1.0
UCPg21O1mH4Dx03qVZ77QTXQ,People & Blogs,1.0
UCPtMXS-uCNZYJE8moxeeBIw,Howto & Style,1.0
UCPtPyb4VvaNqjkbL_tSVFVA,Entertainment,1.0
UCPzIOAKAvphrnIfa9wFj69w,Entertainment,0.00027677327016902963
UCPzIOAKAvphrnIfa9wFj69w,Gaming,0.4782928002971143
UCPzIOAKAvphrnIfa9wFj69w,People & Blogs,0.5209642790180027
UCPzIOAKAvphrnIfa9wFj69w,Sports,0.00046614741471395717
UCQ-aRbnit-y0TlR7CpNSJWA,Gaming,0.851800176143615
UCQ-aRbnit-y0TlR7CpNSJWA,People & Blogs,0.1475870334142395
UCQ-aRbnit-y0TlR7CpNSJWA,Sports,0.0006127904421454424
UCQ6eTrUjuYOAcrFULmcEKSg,Entertainment,1.0
UCQ9xZBXdzb_e46DPaJiZJkA,People & Blogs,0.006797303733325324
UCQ9xZBXdzb_e46DPaJiZJkA,Travel & Events,0.9932026962666747
UCQWkGLAVDPznrQnhAYmkuMQ,People & Blogs,1.0
UCQo-CTPVeeqX78r34QUcahQ,People & Blogs,1.0
UCQr2i9b1unAE7YM5V3IoNGg,Comedy,0.999502694238193
UCQr2i9b1unAE7YM5V3IoNGg,Music,0.0004973057618069305
UCQsR3njxfO4kHyRry70R6Og,People & Blogs,1.0
UCQypnkDmsoAQaIPaycP28Xw,People & Blogs,1.0
UCR7RTnnMLXPU2y8jG1tw_HA,Entertainment,0.9887003641406994
UCR7RTnnMLXPU2y8jG1tw_HA,People & Blogs,0.011299635859300605
UCRIyKueIN_sYFP_FUN-KBcg,Autos & Vehicles,0.10746323433122686
UCRIyKueIN_sYFP_FUN-KBcg,Gaming,0.0032744116341691196
UCRIyKueIN_sYFP_FUN-KBcg,People & Blogs,0.8892623540346041
UCRL7mVF6uLBhU9VpAxiiBPQ,Entertainment,1.0
UCR_wsbbj-0ZUMKDDmfPJC-w,Entertainment,0.044129025864339255
UCR_wsbbj-0ZUMKDDmfPJC-w,People & Blogs,0.9558709741356607
UCRiz2-lYcLhGOp0p8nhq0KA,People & Blogs,1.0
UCRuf2K2v0SDbh76cs5juPAQ,People & Blogs,1.0
UCS7lepGr4Lbj5Uixwm7tqYA,Travel & Events,1.0
UCSHIuVGOU65gX16_tLr0_IA,People & Blogs,1.0
UCSIsj9Z2kwcgcxr8MWbS_8w,People & Blogs,1.0
UCST0HVTibMwwI-kVt11hFUA,Entertainment,0.25728479559562156
UCST0HVTibMwwI-kVt11hFUA,Howto & Style,0.0015903971304290874
UCST0HVTibMwwI-kVt11hFUA,People & Blogs,0.7411248072739494
UCSYpl4zKqy7tQ3502pqSsKw,Entertainment,1.0
UCSjQV2eg5jHWJBkH1qa9eUQ,Entertainment,1.0
UCTBy9Awl5LByRtKET9PIUKw,People & Blogs,1.0
UCTPghcTL20j3z-89Ubtx5Eg,People & Blogs,1.0
UCTS-mBTOVLTLxuOpRFfOC1w,Entertainment,0.9969712199742061
UCTS-mBTOVLTLxuOpRFfOC1w,People & Blogs,0.003028780025793877
UCTVO-4rIuzg_rCQP37jjSTA,Howto & Style,1.0
UCTXj_utLAzaLtG_W3B-IkrQ,Education,0.7219137928705542
UCTXj_utLAzaLtG_W3B-IkrQ,Entertainment,0.1213934439461913
UCTXj_utLAzaLtG_W3B-IkrQ,Howto & Style,0.09221548916060543
UCTXj_utLAzaLtG_W3B-IkrQ,People & Blogs,0.04280902759588847
UCTXj_utLAzaLtG_W3B-IkrQ,Travel & Events,0.021668246426760577
UCTduonlM4rLpa-W5gCKm9bg,Entertainment,1.0
UCTjYxU04HjYDb5oPmGWmKCw,Autos & Vehicles,0.2602945721213724
UCTjYxU04HjYDb5oPmGWmKCw,People & Blogs,0.7397054278786276
UCTtCpK8i73fYlSZqw_vB52g,Entertainment,1.0
UCUBNKEKMaWE-gkUZ2ptvyuQ,Comedy,0.3591913678559033
UCUBNKEKMaWE-gkUZ2ptvyuQ,Entertainment,0.6408086321440967
UCULmwi_KuyEI04CwPsNpgCQ,People & Blogs,1.0
UCUgvCC6iygghq-f2r96P-Jw,Comedy,0.0008889868624849296
UCUgvCC6iygghq-f2r96P-Jw,Entertainment,0.014286836293473411
UCUgvCC6iygghq-f2r96P-Jw,Gaming,0.060054627605823085
UCUgvCC6iygghq-f2r96P-Jw,Howto & Style,0.006651561592433468
UCUgvCC6iygghq-f2r96P-Jw,People & Blogs,0.9181179876457851
UCUy6WfOCR3eTlb8b0HYsomg,Entertainment,0.9931191099425531
UCUy6WfOCR3eTlb8b0HYsomg,People & Blogs,0.006880890057446899
UCV01cEjT9EGakHXILA_uZOQ,Gaming,0.7402533030606343
UCV01cEjT9EGakHXILA_uZOQ,People & Blogs,0.2597466969393657
UCV2w59Kxt8ZKKxCWJCAcPww,Entertainment,0.8609283240112405
UCV2w59Kxt8ZKKxCWJCAcPww,Music,0.1390716759887595
UCVO0Apef8jpQCg_tLW5BcIg,Comedy,1.0
UCVOjW263S2VP8mLuKxKAHNw,Entertainment,1.0
UCV_HaMdsOzmGcbSeccUtZxA,Entertainment,0.3092935617043652
UCV_HaMdsOzmGcbSeccUtZxA,People & Blogs,0.6907064382956347
UCVaSUu1B_Y4R2rFLUpvRmlA,Howto & Style,1.0
UCVc_o8Mrgj2tuR6nYnhHwPw,Howto & Style,1.0
UCVeO-5MV75xJb8kH9GQR0Cw,Entertainment,1.0
UCVh3tWYARk8wRw8EqjNL6rw,People & Blogs,1.0
UCVidr_Df7gMAcLB2HBe1ZOA,Entertainment,1.0
UCVy5NrOulKh49qf0oWScbrw,People & Blogs,1.0
UCWOaoQnABqbf529ezxM6vAw,Entertainment,0.026617920224235037
UCWOaoQnABqbf529ezxM6vAw,Howto & Style,0.8086494262845894
UCWOaoQnABqbf529ezxM6vAw,People & Blogs,0.1564960611290063
UCWOaoQnABqbf529ezxM6vAw,Travel & Events,0.008236592362169311
UCWRd1r1h9GexHyYIbG6b11A,Howto & Style,0.010027108185884266
UCWRd1r1h9GexHyYIbG6b11A,People & Blogs,0.9899728918141157
UCWUN23k_fPGFVYwVO7p-uWQ,People & Blogs,1.0
UCW_FcswKKGw-xWm1g3VoEcQ,Entertainment,0.20553402460637704
UCW_FcswKKGw-xWm1g3VoEcQ,People & Blogs,0.794465975393623
UCWgYtZWVHvDUTqItB6lwI4A,People & Blogs,1.0
UCWxcAUWjF3B_S6fFLqOh7Rw,Comedy,0.0377556313738509
UCWxcAUWjF3B_S6fFLqOh7Rw,Entertainment,0.0018243271333783933
UCWxcAUWjF3B_S6fFLqOh7Rw,Gaming,0.8485711432476568
UCWxcAUWjF3B_S6fFLqOh7Rw,People & Blogs,0.1118488982451139
UCWzJV0Z8NsRPqFXinD45SUw,People & Blogs,1.0
UCX2lr-HP8O3qTIrqinnTlag,Entertainment,0.11640323976096591
UCX2lr-HP8O3qTIrqinnTlag,Film & Animation,0.01365478598858863
UCX2lr-HP8O3qTIrqinnTlag,People & Blogs,0.8699419742504455
UCXJ_KQ3t-7g0gaWZhNR3CmA,People & Blogs,1.0
UCXKc_pxocnSd2TQUvLeVJZQ,Howto & Style,1.0
UCXORBdm4-ahxpPp94LiN8sA,Autos & Vehicles,0.3500712300182071
UCXORBdm4-ahxpPp94LiN8sA,Entertainment,0.6499287699817928
UCXTbT3VnhMuT3GMKkyXP6hQ,Entertainment,0.9992206554387902
UCXTbT3VnhMuT3GMKkyXP6hQ,People & Blogs,0.0007793445612097689
UCXYJhrml5iHpGLpAj8774gw,People & Blogs,1.0
UCXe-XkWQXd9SfXxZSNNzqcQ,Comedy,0.002059885589487138
UCXe-XkWQXd9SfXxZSNNzqcQ,People & Blogs,0.9979401144105129
UCXe5UtB7XwZ9a-GRQyzymUA,Howto & Style,1.0
UCXgv6qemwooHi71a7-htxAw,People & Blogs,1.0
UCXsOq3SXWaSxeE7zNK9FgYA,Entertainment,0.004755559676217064
UCXsOq3SXWaSxeE7zNK9FgYA,Howto & Style,0.9919922806927247
UCXsOq3SXWaSxeE7zNK9FgYA,People & Blogs,0.003252159631058217
UCXzJGpk9CMcoIjhhbwEAvEg,People & Blogs,1.0
UCYC6Vcczj8v-Y5OgpEJTFBw,Howto & Style,1.0
UCYKaVSpftBVjRPcbmVfsL2Q,People & Blogs,1.0
UCYUjsf2tzk5GfmHNn2Mvivg,People & Blogs,1.0
UCYiZH6THc714QFvdX8oUPSw,Entertainment,0.0705405069882886
UCYiZH6THc714QFvdX8oUPSw,People & Blogs,0.9294594930117114
UCYlmZUL_kFsXSq17Tz6jFWQ,Howto & Style,0.5445524483240444
UCYlmZUL_kFsXSq17Tz6jFWQ,People & Blogs,0.45544755167595563
UCYxMATvBqKQx7utYcYK3waA,Entertainment,0.0606673036005279
UCYxMATvBqKQx7utYcYK3waA,Gaming,0.9393326963994721
UCYzo8MBE973NN-XHfVNH92A,Entertainment,0.7881384146311173
UCYzo8MBE973NN-XHfVNH92A,Music,0.21186158536888264
UCZ2AtDVMLq16wTxyMny0rQg,Comedy,0.09890637258259316
UCZ2AtDVMLq16wTxyMny0rQg,Entertainment,0.9010936274174068
UCZ4S9cJgr-VLz7tscyh_3NQ,People & Blogs,1.0
UCZHupwM1CfxEwpEghk25p-A,People & Blogs,1.0
UCZIu-EQ7NMV2fpn7E6GUlfw,Entertainment,0.9172422131323537
UCZIu-EQ7NMV2fpn7E6GUlfw,People & Blogs,0.08275778686764636
UCZVwwcHt3o-EXY4ORHwqVBg,Autos & Vehicles,0.03077337303409937
UCZVwwcHt3o-EXY4ORHwqVBg,People & Blogs,0.9692266269659007
UCZZ608NMmJSpQi3CeFs5jJQ,Entertainment,1.0
UCZnirBhyCVAKA2i-K9i-cNQ,Autos & Vehicles,0.49292509520245126
UCZnirBhyCVAKA2i-K9i-cNQ,People & Blogs,0.5070749047975487
UCZy6DH9FkMmXwqxrWj8cJWg,People & Blogs,1.0
UC_5gqgYSWQp3Ry6D_g9pw7g,Autos & Vehicles,0.9854622736152208
UC_5gqgYSWQp3Ry6D_g9pw7g,People & Blogs,0.014537726384779215
UC_OdfpjYRf0MKDMdC60zswA,People & Blogs,0.5031922607165522
UC_OdfpjYRf0MKDMdC60zswA,Travel & Events,0.4968077392834478
UC_UT512CkoEnJtsZ_p8-siA,People & Blogs,1.0
UC_XzLt8Z5FP-1FNy3DuvHMQ,Entertainment,0.021788558105950116
UC_XzLt8Z5FP-1FNy3DuvHMQ,People & Blogs,0.9782114418940498
UC_ci5CBI-WZC5B91Syc4Lrg,Entertainment,0.5863029589662438
UC_ci5CBI-WZC5B91Syc4Lrg,People & Blogs,0.41369704103375615
UC_pLPe6zS6O7E2L1M24Tj6Q,Howto & Style,1.0
UC_pmwSxVDPmD_XzxrG-zgqg,People & Blogs,1.0
UC_r5eKP41yegjEhiykOgzNw,People & Blogs,1.0
UC_zrER1T7De4cZ1Z5PGWhcQ,Entertainment,0.486277410582819
UC_zrER1T7De4cZ1Z5PGWhcQ,Howto & Style,0.006772647676438356
UC_zrER1T7De4cZ1Z5PGWhcQ,People & Blogs,0.4875617050396841
UC_zrER1T7De4cZ1Z5PGWhcQ,Travel & Events,0.019388236701058558
UCa3NL6xg03RDSdW12n8sJ4w,Entertainment,0.0034309903147464677
UCa3NL6xg03RDSdW12n8sJ4w,People & Blogs,0.008474090594499531
UCa3NL6xg03RDSdW12n8sJ4w,Science & Technology,0.004457629963120308
UCa3NL6xg03RDSdW12n8sJ4w,Travel & Events,0.9836372891276337
UCa53p7RNvfUhA2NSXo2J0rg,Gaming,0.21559367115269817
UCa53p7RNvfUhA2NSXo2J0rg,Music,0.005266152129074428
UCa53p7RNvfUhA2NSXo2J0rg,People & Blogs,0.7791401767182274
UCaAzhBJP6wnWL-s0SwD0vOA,Autos & Vehicles,0.0009133126817106732
UCaAzhBJP6wnWL-s0SwD0vOA,Howto & Style,0.9990866873182893
UCaVJ3htnVChY_jybGebkpWA,Comedy,0.9976907493613884
UCaVJ3htnVChY_jybGebkpWA,Entertainment,0.0023092506386116537
UCaYYN-373-VgM-lt8diGOjg,Entertainment,0.8917364099169386
UCaYYN-373-VgM-lt8diGOjg,Travel & Events,0.10826359008306145
UCa_Y2beGxRS1xjgtjFSm1kA,People & Blogs,1.0
UCagitHzx7FV6OjxIWUnJ-rg,People & Blogs,1.0
UCakP9YkpvNlUJafNMVMm9_g,Entertainment,1.0
UCakfgF8u5CrVemPK9lX5Zpw,Entertainment,1.0
UCaprahp6swmp7BUXrwMt2ZA,Autos & Vehicles,0.016380174382239238
UCaprahp6swmp7BUXrwMt2ZA,Entertainment,0.2599488280038707
UCaprahp6swmp7BUXrwMt2ZA,People & Blogs,0.7236709976138901
UCarA4czTgBZMSUr70GlHrMw,People & Blogs,1.0
UCb-uPFKAsFHBn2494BNvyQQ,Education,0.0638792512083673
UCb-uPFKAsFHBn2494BNvyQQ,Entertainment,0.47008825644755275
UCb-uPFKAsFHBn2494BNvyQQ,Pets & Animals,0.46603249234407995
UCb2Jy-KC61EofFcn0_vn_1Q,Comedy,0.018390625325748193
UCb2Jy-KC61EofFcn0_vn_1Q,Howto & Style,0.002642883679360237
UCb2Jy-KC61EofFcn0_vn_1Q,People & Blogs,0.9789664909948915
UCbOmKK-tRxdULpLP2C_RRwA,People & Blogs,1.0
UCbPbWwZn4GIzppb8YEIBlzg,Entertainment,1.0
UCbmXDw_ZMkNvk0fe85X683g,Entertainment,8.744260660969706e-05
UCbmXDw_ZMkNvk0fe85X683g,People & Blogs,0.9999125573933904
UCc2lp0py6ygWBQCi6ps4YAw,Comedy,0.017544105547885318
UCc2lp0py6ygWBQCi6ps4YAw,Entertainment,0.05431173593530144
UCc2lp0py6ygWBQCi6ps4YAw,Gaming,0.03231131216613597
UCc2lp0py6ygWBQCi6ps4YAw,People & Blogs,0.8910015496361037
UCc2lp0py6ygWBQCi6ps4YAw,Travel & Events,0.004831296714573636
UCc514P8krTU-UwFyT0fDSvA,Howto & Style,1.0
UCcCgjlycc5j_7nlvaHxJUuA,Entertainment,1.0
UCcOUsyfbfHTpfS5Qr7PjW_g,Travel & Events,1.0
UCcd2OvCO_0F15hdR3kHlKiw,People & Blogs,1.0
UCdGo3tFSEFkhIEYa31FrERw,People & Blogs,1.0
UCdPoaxFvSYxFjRg86f9qfTw,Autos & Vehicles,0.025880942257219004
UCdPoaxFvSYxFjRg86f9qfTw,Entertainment,0.03021755390040018
UCdPoaxFvSYxFjRg86f9qfTw,People & Blogs,0.9439015038423808
UCdmXiA-stVg-uMTdftHzkIQ,Entertainment,1.0
UCdpRERR1meea4FLAiZc56LA,Entertainment,0.9411532167503033
UCdpRERR1meea4FLAiZc56LA,People & Blogs,0.05884678324969673
UCdsnV1DUpCQhaTgXsKG7lgw,Howto & Style,1.0
UCdvQEcPk6oWFFR36S0VcJLQ,Gaming,0.6853440539953939
UCdvQEcPk6oWFFR36S0VcJLQ,People & Blogs,0.3146559460046061
UCdvvwjK4zKVkQ1dvGZSaK8g,People & Blogs,1.0
UCdzFuz5MJHLG-60nHYUAxjw,People & Blogs,1.0
UCe46tqWZ7bj0Xkd0e5LGjTg,People & Blogs,1.0
UCeBZDOGhs67nPdjOwKCYjfQ,Film & Animation,0.024880841704089104
UCeBZDOGhs67nPdjOwKCYjfQ,Travel & Events,0.9751191582959109
UCeE3UPygJnF3C8AopyxSVuA,Music,0.04036434303518055
UCeE3UPygJnF3C8AopyxSVuA,People & Blogs,0.9596356569648195
UCeQL4oTHw0NXuMbvLvgpfmw,People & Blogs,1.0
UCeXCKGQEcCqF0ojV7SPQAhw,People & Blogs,1.0
UCeoRAN5sr02w8_9aFWxIM4g,Pets & Animals,0.001998860086217821
UCeoRAN5sr02w8_9aFWxIM4g,Travel & Events,0.9980011399137821
UCepV-XrgH-zLt0dypVPhGDg,People & Blogs,1.0
UCf5DVHPQl6h3YXS7Db8Kufg,People & Blogs,1.0
UCf6eMPGxYHqiy40KA4P6FnQ,Comedy,1.0
UCfIaP7MJqEEwyPM3CWLHHlQ,Entertainment,0.5938157653099616
UCfIaP7MJqEEwyPM3CWLHHlQ,Music,0.06668329463121964
UCfIaP7MJqEEwyPM3CWLHHlQ,People & Blogs,0.3395009400588188
UCfR6Ye-ACUu24KlJKxU62qg,Entertainment,1.0
UCfzIzjz-xe5lVko9nUVE-Rg,Entertainment,1.0
UCg2xQpSYNYiT3W9tmwoCUow,People & Blogs,1.0
UCg5DW-v28IY0j8MK8OKXJCA,People & Blogs,1.0
UCg6TgtnmY8cYMQ4rx8EtWWA,People & Blogs,1.0
UCgHeK6JdCm76pLpqK4nKPjg,People & Blogs,1.0
UCgVxxq6TXsN3OvoxnU4hfNQ,Entertainment,0.01459735892549786
UCgVxxq6TXsN3OvoxnU4hfNQ,Howto & Style,0.15311136779460957
UCgVxxq6TXsN3OvoxnU4hfNQ,People & Blogs,0.8322912732798926
UCgXfhOlNWEjW_23RWMOyOSQ,People & Blogs,1.0
UCga5LQZJppcJENRbWbm8jKg,People & Blogs,1.0
UCgd2PxMNLlLYbee40WF-BZw,Entertainment,0.9730938662414178
UCgd2PxMNLlLYbee40WF-BZw,Music,0.026906133758582248
UCgemEO1p19qlW8bEqa9BIrQ,Entertainment,0.012414844350215332
UCgemEO1p19qlW8bEqa9BIrQ,Howto & Style,0.9875851556497847
UCgtH3b5WROXZKYiiCKBEsYw,Howto & Style,1.0
UCh3A8yBYpXHETFgxmpzey2g,People & Blogs,1.0
UCh53dn_C-Ysm5PLGZdvy5mg,Autos & Vehicles,1.0
UCh58UGmwcyNQ5QXqMOg65FA,Entertainment,1.0
UCh7AB69XHIIJgroJjf4HaDg,People & Blogs,1.0
UCh9ttnbZCsGfAqbH2Mi_IRQ,People & Blogs,1.0
UChS3MquZWddRhWQML0b5sFQ,Entertainment,1.0
UChYs-_zjKRYhdMddjx-NPLw,Education,1.0
UChZ0JmGgyOWSU-1iXxPhsVA,People & Blogs,1.0
UChaVNItowO8cHkmk_DoYqTA,People & Blogs,1.0
UChcAqvx5oKg2okHz5dErImQ,Entertainment,0.7474037180605488
UChcAqvx5oKg2okHz5dErImQ,People & Blogs,0.2525962819394511
UChpNPWoPmhU9C1z_P1t0IxA,Entertainment,1.0
UChq4t2JDJ2AU4kXgZkQD6Hg,Howto & Style,0.0023678521884687854
UChq4t2JDJ2AU4kXgZkQD6Hg,People & Blogs,0.9976321478115312
UCiP8Orqi5imUpOp_oOM-Hcw,Entertainment,1.0
UCiQiEOLOXMNHZwHQxgKWNQA,People & Blogs,1.0
UCiirFsFUcJ4LTWQ1YhyIFFg,Entertainment,0.969303302426517
UCiirFsFUcJ4LTWQ1YhyIFFg,Nonprofits & Activism,0.030696697573483023
UCijX8M8PXJiWL8xvxa-oiMw,People & Blogs,1.0
UCiqSci2Y-SzVxsBlKvRw3vA,Howto & Style,1.0
UCj0aHWKJgcQAMe5YLfZKqrQ,Music,1.0
UCj11X996RvyriiwW_0SopwA,Entertainment,0.0024787342233686034
UCj11X996RvyriiwW_0SopwA,People & Blogs,0.9975212657766314
UCjdV7QZWoie4CeqqYPsi7hw,Entertainment,1.0
UCjh_61H3zm3dLqZa6GSVXDg,Entertainment,0.043777868826927545
UCjh_61H3zm3dLqZa6GSVXDg,People & Blogs,0.9562221311730724
UCjiBUVdw4rWcll2ayTL-6uw,Autos & Vehicles,0.0030268033646686484
UCjiBUVdw4rWcll2ayTL-6uw,Howto & Style,0.9969731966353313
UCjrgUWrrpQ73GiObaeR9WUw,Howto & Style,1.0
UCjwORsbw3fUFk2mYOy-8KTA,People & Blogs,1.0
UCjzTnRl0ujdKwTh7KHxYCKg,People & Blogs,0.47166240613253313
UCjzTnRl0ujdKwTh7KHxYCKg,Travel & Events,0.5283375938674669
UCkWPoej4eJdqRaHwCjThavw,Entertainment,1.0
UCkslqBLskN53dteqix6lxSA,People & Blogs,1.0
UCkuO0_QbI_AskGml9wvKmIQ,People & Blogs,1.0
UCl2evVWpKJi7tp1hhCNbQMg,Education,0.028003270824420154
UCl2evVWpKJi7tp1hhCNbQMg,Entertainment,0.3112253492055835
UCl2evVWpKJi7tp1hhCNbQMg,Film & Animation,0.08373539852891983
UCl2evVWpKJi7tp1hhCNbQMg,People & Blogs,0.5770359814410765
UClFO_8FPO2ktYXq53pUA0CA,Autos & Vehicles,0.0183922650175842
UClFO_8FPO2ktYXq53pUA0CA,Entertainment,0.003597239300797126
UClFO_8FPO2ktYXq53pUA0CA,Howto & Style,0.01860235337924975
UClFO_8FPO2ktYXq53pUA0CA,People & Blogs,0.7344082293718641
UClFO_8FPO2ktYXq53pUA0CA,Travel & Events,0.22499991293050478
UClMPmpL9X9-Qe5FjU0mT0sw,Entertainment,1.0
UClVZKaAWYBndClFRMglVCEQ,People & Blogs,1.0
UClZ8kg0n-2_aMRf3hp3iDqw,Entertainment,1.0
UClf6GDyEMB-Y55seSVdEw9A,People & Blogs,1.0
UClg1BK5TSUqbepZH4PU_coQ,Howto & Style,1.0
UClxlwQMEiVh78iR5GrXKSBw,People & Blogs,1.0
UClywqJf2HnSXE2bZ3MZVR0g,People & Blogs,1.0
UCm1bZSFtitxQaHC2l0ng65w,Entertainment,0.2212642148867557
UCm1bZSFtitxQaHC2l0ng65w,People & Blogs,0.7787357851132443
UCm2FYakWw43UiBCRAIbfe4A,Entertainment,1.0
UCm3uwvJw2KHp4aWRjj_IWTQ,People & Blogs,1.0
UCm5Wvbxup9kkJnanqiWNOiw,Howto & Style,1.0
UCmG-8XNx7DvT3jevvsUpeyw,People & Blogs,1.0
UCmRlLc4sxEf65HiJU7Wrw9Q,Howto & Style,0.011559306601252501
UCmRlLc4sxEf65HiJU7Wrw9Q,People & Blogs,0.9820044081529616
UCmRlLc4sxEf65HiJU7Wrw9Q,Pets & Animals,0.006436285245785818
UCmiht46W-s_YiCd2jk85kvw,People & Blogs,1.0
UCmkaKwsynD0a253v0g3Sj1g,People & Blogs,1.0
UCmz1Dd0Nrq6gynpQravPE2g,People & Blogs,1.0
UCnC7imupnvLrFRktM0-GvdA,People & Blogs,1.0
UCnKcj-LLNC2dEk8hpo4o78A,People & Blogs,1.0
UCnQkZKzYoA-G9s4kI-N7xzQ,Entertainment,1.0
UCnjU1FHmao9YNfPzE039YTw,People & Blogs,1.0
UCo1Rx0-CfOuxoTmOcjiCtHQ,Entertainment,0.005362797797271133
UCo1Rx0-CfOuxoTmOcjiCtHQ,People & Blogs,0.9946372022027289
UCo7rfmUip16wxNNMQrPVF9w,Entertainment,1.0
UCoAhAEfTCyF_DUs3jRg55vw,Autos & Vehicles,0.13557965280793477
UCoAhAEfTCyF_DUs3jRg55vw,People & Blogs,0.8644203471920653
UCoAwaBFPsYHtydehtjsc6rw,People & Blogs,1.0
UCoFxUkg6cLuhlY3Ll8SHTDQ,Entertainment,1.0
UCoGrnm9tKDfQHtuKI_pqkYA,Autos & Vehicles,0.5574485082820506
UCoGrnm9tKDfQHtuKI_pqkYA,People & Blogs,0.4425514917179494
UCoKtB35BqX3rS2b8my3CF2w,Entertainment,0.6881954848803239
UCoKtB35BqX3rS2b8my3CF2w,Gaming,0.08259771652058819
UCoKtB35BqX3rS2b8my3CF2w,People & Blogs,0.2292067985990879
UCoXuo9e0bXLZOmpECbPxDkw,Entertainment,0.08488176051586348
UCoXuo9e0bXLZOmpECbPxDkw,Howto & Style,0.004405384378466047
UCoXuo9e0bXLZOmpECbPxDkw,People & Blogs,0.9107128551056705
UCob7P94JKbsQ01HwQYv_dzw,Entertainment,0.0034213757611658547
UCob7P94JKbsQ01HwQYv_dzw,Film & Animation,0.9906877038834281
UCob7P94JKbsQ01HwQYv_dzw,People & Blogs,0.005890920355406102
UCoxnWvPNCFVxqhmLLz6_TAA,People & Blogs,1.0
UCp0gqcdVhTWXrpEhrqnzZbw,People & Blogs,1.0
UCpE_20B3T0CreDrEkhpKlqQ,Entertainment,1.0
UCpEu4ZYzmoFCAxz7JnkO4dA,People & Blogs,1.0
UCpJtLM2WwHKpKBDExCg8vUw,Entertainment,0.6065039676206072
UCpJtLM2WwHKpKBDExCg8vUw,Film & Animation,0.060861207379184754
UCpJtLM2WwHKpKBDExCg8vUw,Music,0.021829320250251572
UCpJtLM2WwHKpKBDExCg8vUw,Travel & Events,0.31080550474995644
UCpK0OmWgjd58g_9AjZFA6bg,People & Blogs,1.0
UCpKDg5aOsMYn5kWxe7YGdSA,People & Blogs,1.0
UCpemFCce5iJAoGW64mSxOCg,People & Blogs,1.0
UCpif0pHGnux32Bn1pP9lc1A,People & Blogs,1.0
UCpjMlxHaEySFziMDiXNysLw,Entertainment,0.7810259196123565
UCpjMlxHaEySFziMDiXNysLw,People & Blogs,0.21897408038764352
UCpjTx5WsF4yqyvGIYY8nuVg,Comedy,0.03616801130108338
UCpjTx5WsF4yqyvGIYY8nuVg,Education,0.004607804198131378
UCpjTx5WsF4yqyvGIYY8nuVg,Gaming,0.5198447069764474
UCpjTx5WsF4yqyvGIYY8nuVg,People & Blogs,0.4393794775243379
UCpmkHuimyz_OLH_-Tnwjhrg,People & Blogs,1.0
UCpxleUiDiw-giz0Scb_hyjQ,Entertainment,1.0
UCqVnJ928RwuaEjFTmxabU2w,Entertainment,0.9734886141028457
UCqVnJ928RwuaEjFTmxabU2w,People & Blogs,0.02651138589715426
UCqWkMzcR3pKdYk-y5jwkGBg,Entertainment,0.004041654020754807
UCqWkMzcR3pKdYk-y5jwkGBg,People & Blogs,0.9754351532053079
UCqWkMzcR3pKdYk-y5jwkGBg,Travel & Events,0.02052319277393722
UCqgdGSJPEKCGwElnwnKGE6Q,People & Blogs,1.0
UCqj6ns5r8Jgji4WYjWotUSA,People & Blogs,1.0
UCr1N9JtzMCvf8Y08Yq-8cbA,People & Blogs,1.0
UCr2mVeqswaNaGPlvG6MmjkA,People & Blogs,1.0
UCr6sFBDSXL3KFi4QivmZAeg,Comedy,0.020039632288188385
UCr6sFBDSXL3KFi4QivmZAeg,Education,0.0054370196381839245
UCr6sFBDSXL3KFi4QivmZAeg,Entertainment,0.06835231074050473
UCr6sFBDSXL3KFi4QivmZAeg,Music,0.008109428753581574
UCr6sFBDSXL3KFi4QivmZAeg,People & Blogs,0.04538628595693822
UCr6sFBDSXL3KFi4QivmZAeg,Travel & Events,0.8526753226226031
UCrCrHVA0_WTH1vmn_13eGeg,Entertainment,1.0
UCrK1EhsLO4LtXoTaYGgiWVA,Entertainment,0.27843939634332454
UCrK1EhsLO4LtXoTaYGgiWVA,Gaming,0.008191283128373502
UCrK1EhsLO4LtXoTaYGgiWVA,People & Blogs,0.7089704986805603
UCrK1EhsLO4LtXoTaYGgiWVA,Sports,0.0043988218477416805
UCrSYpOSIORd5AELgl8_xSiA,Entertainment,1.0
UCrfRwu9iZxVftDu84jsdiug,People & Blogs,1.0
UCrxLfAJy4cbNk-Yo_7aCduQ,People & Blogs,1.0
UCs0GaAQ1jb8BuY6PEonAqSA,Autos & Vehicles,0.0008429814135735978
UCs0GaAQ1jb8BuY6PEonAqSA,People & Blogs,0.9991570185864264
UCsK97HK3o6eFLSzjzDitzhg,Entertainment,0.7402458377412251
UCsK97HK3o6eFLSzjzDitzhg,People & Blogs,0.2597541622587749
UCsKc38DDpGkNTHwsYjA0rbA,People & Blogs,1.0
UCsVLjuLlsIsmIIQMW2s_zag,Entertainment,1.0
UCsVrbytaBx7Z9URw6EvcK_A,Entertainment,0.9849051375134931
UCsVrbytaBx7Z9URw6EvcK_A,People & Blogs,0.015094862486506912
UCsYlwsIqo1czaj2gsnRAS-w,People & Blogs,1.0
UCsZYnVgf12B0wbqTetynCWg,Entertainment,1.0
UCslZq6pHE_qEIUoPxoYil8w,People & Blogs,1.0
UCsrFWafEF9o1pyPUtxHmyyg,People & Blogs,1.0
UCsxwQDelM2MqEQL5E1L7mrw,People & Blogs,1.0
UCt28Yim3MJ5oxFwSYLximbw,Entertainment,0.8293129330264273
UCt28Yim3MJ5oxFwSYLximbw,People & Blogs,0.1706870669735727
UCt4EaiFAfHkjBqcdCbTgkMw,Entertainment,0.6892008064691936
UCt4EaiFAfHkjBqcdCbTgkMw,Gaming,0.1392976269557217
UCt4EaiFAfHkjBqcdCbTgkMw,People & Blogs,0.17150156657508475
UCtHCRF5bNn_ImDkn4w47L4Q,Entertainment,0.9935030764760283
UCtHCRF5bNn_ImDkn4w47L4Q,Music,0.0064969235239717114
UCtLpPnn0bg52IPFhzMwkvBw,Howto & Style,1.0
UCtbZRQs2lhdp0UWem_9VOIA,People & Blogs,1.0
UCthm9cs4U5_DS3HB5FTLl4Q,Entertainment,1.0
UCtjUeDrfQvlaY7qEQU7k4CA,Howto & Style,0.9491036748138366
UCtjUeDrfQvlaY7qEQU7k4CA,People & Blogs,0.05089632518616335
UCtskF0hwGyjPKKw42uFoAPg,People & Blogs,1.0
UCtyrDmjyTChU6EGjYYfjj0Q,People & Blogs,1.0
UCu2CRNSHZvjyOcj1PLrHzzQ,People & Blogs,1.0
UCu2lnkymwFq2ySTXn2lqaKg,Howto & Style,1.0
UCu7Ld2o0QnLPm4j0gCn7Agw,Education,0.013039243539085092
UCu7Ld2o0QnLPm4j0gCn7Agw,Howto & Style,0.9869607564609149
UCuGFMIKzCplXiV2S8kxA_zQ,Howto & Style,1.0
UCuKx6skgXwFTA5sqbNDk9fA,People & Blogs,1.0
UCuaf1ktoj9sKjRy1Go9x_mw,Entertainment,0.8486236665996032
UCuaf1ktoj9sKjRy1Go9x_mw,Howto & Style,0.0018104755420781425
UCuaf1ktoj9sKjRy1Go9x_mw,People & Blogs,0.14956585785831863
UCuiXLOzWADyFdf8wOjyUeow,Entertainment,1.0
UCuk7eBc0r1y_xVUTlQDiuiQ,People & Blogs,1.0
UCulk3jaetjBSmUteuRASnDg,Entertainment,0.0042116856407547676
UCulk3jaetjBSmUteuRASnDg,People & Blogs,0.9957883143592452
UCuyU4tStT9TrHE5gb09Hstw,People & Blogs,1.0
UCv2_3JwqpnU9Do7GuE5CXGw,Entertainment,0.0003365284662003194
UCv2_3JwqpnU9Do7GuE5CXGw,Travel & Events,0.9996634715337996
UCv58r9mAhzFjrfk4d5tK2RA,Music,1.0
UCvBoAyWLQbveDWr8U08UDUQ,Howto & Style,1.0
UCvQ7CKEqCKCVl8aGAdbkHag,People & Blogs,1.0
UCv__5XBCC3lXbs9BRP3SGwQ,Howto & Style,0.002777947599229988
UCv__5XBCC3lXbs9BRP3SGwQ,People & Blogs,0.99722205240077
UCw799SUSWDYYQNsMz-VaB4g,People & Blogs,1.0
UCwA3yPBSbZpwse6Q0aA2LPg,Autos & Vehicles,0.005349441588313174
UCwA3yPBSbZpwse6Q0aA2LPg,Gaming,0.9530039717165539
UCwA3yPBSbZpwse6Q0aA2LPg,People & Blogs,0.04164658669513288
UCwFRGieumnh1MrM5F3D65Tg,Gaming,0.8634167560539925
UCwFRGieumnh1MrM5F3D65Tg,People & Blogs,0.13658324394600757
UCwO-q3arVsOqSVKWEWSx1UQ,Autos & Vehicles,1.0
UCwUn9aHv0RtXuiz4xYZ8Gpg,People & Blogs,1.0
UCwWWcy1T9RIBgXwxuwEmGoA,People & Blogs,1.0
UCwic-oH6HYwBrQ8BOdO-JQQ,Film & Animation,1.0
UCwjTibvh8ZgbNcAubQ17J5w,People & Blogs,1.0
UCwmDl3LVAsJ3NzFIOlr5Wfg,People & Blogs,1.0
UCwqyxR4ex3948kQTNnm7Utw,Comedy,1.0
UCwuVJs7Dr6j3Fc_XM2mP2JA,Entertainment,0.01239555703597481
UCwuVJs7Dr6j3Fc_XM2mP2JA,Howto & Style,0.001942628164072407
UCwuVJs7Dr6j3Fc_XM2mP2JA,People & Blogs,0.9856618147999527
UCwvf1rz_zLPiIBKrARISMiQ,People & Blogs,1.0
UCwzeqicYmsdXlhGANshq_9A,Comedy,0.0247164590267989
UCwzeqicYmsdXlhGANshq_9A,Entertainment,0.11323830125688503
UCwzeqicYmsdXlhGANshq_9A,People & Blogs,0.8620452397163161
UCx2lT4VmxQqZyF4b95CqEgQ,Gaming,0.13000507631320324
UCx2lT4VmxQqZyF4b95CqEgQ,People & Blogs,0.8699949236867968
UCx3HjGthd_ZYosnFkGkEgdw,People & Blogs,1.0
UCxJoLU-4TAVcZh7SmpkhzJg,Entertainment,0.14242366928099393
UCxJoLU-4TAVcZh7SmpkhzJg,People & Blogs,0.8575763307190061
UCxLcuAGeYJjsVzG2-cADCVw,People & Blogs,1.0
UCxWp43nOIvJYp531I2e_lAQ,Autos & Vehicles,0.012865298871248978
UCxWp43nOIvJYp531I2e_lAQ,Howto & Style,0.06253799514738083
UCxWp43nOIvJYp531I2e_lAQ,People & Blogs,0.8296051015266204
UCxWp43nOIvJYp531I2e_lAQ,Travel & Events,0.09499160445474983
UCxZSCDq3HJU0P_ozyOd4IFA,Entertainment,1.0
UCyKYvZzVUnabf1F7RunRtoQ,Autos & Vehicles,0.006603866926265912
UCyKYvZzVUnabf1F7RunRtoQ,Howto & Style,0.9933961330737341
UCyRiKacbSZhKhdlLsx4ECyQ,Comedy,0.004881176494592177
UCyRiKacbSZhKhdlLsx4ECyQ,Entertainment,0.829485662419166
UCyRiKacbSZhKhdlLsx4ECyQ,Howto & Style,0.016510801867126064
UCyRiKacbSZhKhdlLsx4ECyQ,People & Blogs,0.14912235921911582
UCyXJWRAN2q188YIKJaaXAqA,Entertainment,0.2114230660109703
UCyXJWRAN2q188YIKJaaXAqA,Howto & Style,0.03571850766029885
UCyXJWRAN2q188YIKJaaXAqA,People & Blogs,0.7225706922640439
UCyXJWRAN2q188YIKJaaXAqA,Travel & Events,0.030287734064686968
UCyeZgf3shWWXEfUfprV58aA,People & Blogs,1.0
UCyw5iZvI_c15lMFf4kfjRaQ,Howto & Style,1.0
UCyy1Ek1b6pQQFYUVwIgQTwg,Entertainment,0.8482545833588069
UCyy1Ek1b6pQQFYUVwIgQTwg,People & Blogs,0.15174541664119312
UCz3I_sh4IqR4rPG-NURhTYg,Howto & Style,1.0
UCz3bPLqJMACZj9h5bClFVFA,People & Blogs,0.9737658113590866
UCz3bPLqJMACZj9h5bClFVFA,Travel & Events,0.0262341886409134
UCz4-EekW9yKA7Y2EcyO0txA,People & Blogs,1.0
UCzFRfjs5aM2nqwRDpeKzCQw,Travel & Events,1.0
UCzKchRiaC4wpClE1wQzex8w,Howto & Style,0.9242971737958109
UCzKchRiaC4wpClE1wQzex8w,People & Blogs,0.07570282620418908
UCzsNLZ9GrGXRjt0QmvWFm2Q,Comedy,0.04912335814694196
UCzsNLZ9GrGXRjt0QmvWFm2Q,Entertainment,0.9452429830900625
UCzsNLZ9GrGXRjt0QmvWFm2Q,Film & Animation,0.0020458918660341404
UCzsNLZ9GrGXRjt0QmvWFm2Q,Music,0.0027967524485272566
UCzsNLZ9GrGXRjt0QmvWFm2Q,News & Politics,0.0004330155046537512
UCzsNLZ9GrGXRjt0QmvWFm2Q,People & Blogs,0.0003579989437804413
